{
  " Попробуйте обновить страницу": "",
  "Change currancy": "",
  "Enter your age": "",
  "Enter your city": "",
  "Enter your link on avatar": "",
  "Enter your username": "",
  "Incorrect age": "",
  "Incorrect country": "",
  "Incorrect user firstnmae or lastname": "",
  "Link on avatar": "",
  "No data": "",
  "Server error": "",
  "Your age": "",
  "Your city": "",
  "Your username": "",
  "avatar user": "",
  "Ваш возраст": "",
  "Ваш город": "",
  "Ваша фамилия": "",
  "Ваше имя": "",
  "Введите ваш возраст": "",
  "Введите ваш город": "",
  "Введите ваше имя": "",
  "Введите вашу фамилию": "",
  "Введите имя пользователя": "",
  "Введите ссылку на аватар": "",
  "Имя пользователя": "",
  "Отменить": "",
  "Произошла ошибка при загрузке профиля": "",
  "Профиль": "",
  "Редактировать": "",
  "Сохранить": "",
  "Ссылка на аватар": ""
}
