{"newItems":[],"deletedItems":[],"passedItems":[],"failedItems":["chrome_iphone7_shared_Loader_Light.png","chrome_iphone7_widgets_ThemeSwitcher_Dark.png","chrome_iphone7_widgets_ThemeSwitcher_Light.png","chrome_laptop_shared_Loader_Light.png","chrome_laptop_widgets_ThemeSwitcher_Dark.png","chrome_laptop_widgets_ThemeSwitcher_Light.png"],"expectedItems":["chrome_iphone7_shared_Loader_Light.png","chrome_iphone7_widgets_ThemeSwitcher_Dark.png","chrome_iphone7_widgets_ThemeSwitcher_Light.png","chrome_laptop_shared_Loader_Light.png","chrome_laptop_widgets_ThemeSwitcher_Dark.png","chrome_laptop_widgets_ThemeSwitcher_Light.png"],"actualItems":["chrome_iphone7_shared_Loader_Light.png","chrome_iphone7_widgets_ThemeSwitcher_Dark.png","chrome_iphone7_widgets_ThemeSwitcher_Light.png","chrome_laptop_shared_Loader_Light.png","chrome_laptop_widgets_ThemeSwitcher_Dark.png","chrome_laptop_widgets_ThemeSwitcher_Light.png"],"diffItems":["chrome_iphone7_shared_Loader_Light.png","chrome_iphone7_widgets_ThemeSwitcher_Dark.png","chrome_iphone7_widgets_ThemeSwitcher_Light.png","chrome_laptop_shared_Loader_Light.png","chrome_laptop_widgets_ThemeSwitcher_Dark.png","chrome_laptop_widgets_ThemeSwitcher_Light.png"],"actualDir":"current","expectedDir":"reference","diffDir":"difference"}